Food Banks in Sheffield,,,,,,,,,,
Name,Address,Town,Postcode,Geographical area served (text description),"Geographical area served (approx postcode. Note, the text description is the area as described by the food bank themselves, this is an approximation of the top level postcode areas that description equates to)",Tel,Email,Website,Opening times,Parent organisation (if applicable)
Burngreave Foodbank,"Rock Christian Centre, Carlisle Street",Sheffield,S4 7LJ,"S3, S4 and S9 (Darnall)",S3 S4 S9,07542 888671,info@burngreave.foodbank.org.uk,http://www.burngreave.foodbank.org.uk,"Mon  2.00pm – 4.00pm, Wed 2.00pm – 4.00pm, Fri   2.00pm - 4.00pm",Trussell Trust
Burngreave Foodbank Darnall branch,"Living Waters Christian Fellowship, 81 Main Road, Darnall",Sheffield,S9 5HL ,Darnall ,S9,07542 888671,info@burngreave.foodbank.org.uk,http://www.burngreave.foodbank.org.uk,"Tue 12.30pm – 2.30pm, Thursday  2.00pm - 4.00pm",Trussell Trust
Fir Vale Food Bank,"St Cuthbert, opposite the Northern General Hospital, Barnsley Road",Sheffield,S5 6UA,Fir Vale,S4 S5,0114 261 1605,louise.collins@sheffield.anglican.org,http://www.sheffieldhelpyourself.org.uk/full_search_new.asp?group=20919,Thurs 2.00pm – 3.00pm,"St Cuthbert Church, Fir Vale"
Gleadless Valley Foodbank,"Gleadless Valley Methodist Church, Blackstock Road ",Sheffield,S14 1FT,Gleadless Valley and Heeley ,S2 S14,,info@gleadlessvalley.foodbank.org.uk,http://www.gleadlessvalley.foodbank.org.uk,Fri 12.30pm – 2.30pm,Trussell Trust
Jubilee Food Bank,"Shirecliffe Community Centre, 349 Shirecliffe Road",Sheffield,S5 8XJ,Cross City where other foodbanks not operating,,0114 2320631,info@jubileefoodbank.org.uk,http://www.jubileefoodbank.org.uk/,N/A – food boxes delivered to referrals,City Church Sheffield
PXI/ Mount Tabor Food Bank,"Mount Tabor Church Wordsworth Avenue, Parson Cross",Sheffield,S5 8NJ,"Parson Cross, Southey, Longley & Fox Hill",S5 S6,07432 092683,pxi.nick@gmail.com,http://mounttabor.wordpress.com/food-bank,Fri 1.00pm – 4.00pm,
Sheffield S6 Foodbank,"St Thomas’ Church, Philadelphia Campus, 6 Gilpin Street ",Sheffield,S6 3BL,S6,S6,0114 241 9560,,http://www.sheffields6.foodbank.org.uk,"Tues 11.00am - 1.00 pm, Fri 11.00am – 1.00pm",Trussell Trust
Grace Food Bank Sheffield,240 Lowedges Road,Sheffield,S8 7JB,"Lowedges, Batemoor, Jordanthorpe and surrounding S8 areas.",S8,"07580 516 512 (referrals), 07964 896283 (general enquiries)",office@gracefoodbanksheffield.org.uk ,http://www.gracefoodbanksheffield.org.uk/,,
Firth Park Foodbank,"(RCCG ) The Royal Assembly, Brushes Community Centre, West Quadrant, Firth Park",Sheffield,S5 6QE,S5 (Firth Park) and S9 (Wincobank),S5 S9,07882 931539,,https://twitter.com/FirthParkFoodbk,,The Royal Assembly Church Sheffield (Redeemed Christian Church of God)
S2 Food Bank,,Sheffield,S2,"Wybourn, Manor, Arbourthorne, Norfolk Park, Heeley and surrounding S2 areas. ",S2,07804 406267,info@s2foodbank.org.uk,http://www.s2foodbank.org.uk,,
The Hub Food Bank,"512 Manchester Road, Stocksbridge ",Sheffield,S36 2DU,"Stocksbridge, Deepcar, Oughtibridge, Wharncliffe Side, Bolsterstone, Midhopestone, Greenmoor",S36,0114 288 5315,food.bank@thehubchurch.org,http://www.sheffieldhelpyourself.org.uk/full_search_new.asp?group=26824,"Tues, Thurs",The Hub Church
Handsworth Foodbank,"Sheffield Christian Life Centre, 217 Handsworth Road, Handsworth ",Sheffield,S13 9BH,Handsworth and Richmond,S13,0114 244 7069,,https://www.facebook.com/Handsworthfoodbank,,Trussell Trust
,,,,,,,,,,
,,,,,,,,,,
,,,,,,,,,,
,,,,,,,,,,
,,,,,,,,,,
,,,,,,,,,,
,,,,,,,,,,
,,,,,,,,,,
,,,,,,,,,,
,,,,,,,,,,
,,,,,,,,,,
,,,,,,,,,,
,,,,,,,,,,
,,,,,,,,,,
,,,,,,,,,,
,,,,,,,,,,
,,,,,,,,,,
,,,,,,,,,,
,,,,,,,,,,
,,,,,,,,,,
,,,,,,,,,,
Geographical Area:,,,,,,,,,,
